<?xml version="1.0" encoding="UTF-8"?>
<project-private xmlns="http://www.netbeans.org/ns/project-private/1">
    <editor-bookmarks xmlns="http://www.netbeans.org/ns/editor-bookmarks/2" lastBookmarkId="0"/>
    <open-files xmlns="http://www.netbeans.org/ns/projectui-open-files/2">
        <group>
            <file>file:/C:/Users/risha/OneDrive/Documents/Desktop/ajt%20project/E-commerceR/web/login.jsp</file>
            <file>file:/C:/Users/risha/OneDrive/Documents/Desktop/ajt%20project/E-commerceR/web/index.jsp</file>
            <file>file:/C:/Users/risha/OneDrive/Documents/Desktop/ajt%20project/E-commerceR/web/WEB-INF/web.xml</file>
            <file>file:/C:/Users/risha/OneDrive/Documents/Desktop/ajt%20project/E-commerceR/src/java/com/myapp/dao/ProductDAO.java</file>
            <file>file:/C:/Users/risha/OneDrive/Documents/Desktop/ajt%20project/E-commerceR/src/java/com/myapp/filters/AuthenticationFilter.java</file>
            <file>file:/C:/Users/risha/OneDrive/Documents/Desktop/ajt%20project/E-commerceR/src/java/com/myapp/filters/ProductsFilter.java</file>
            <file>file:/C:/Users/risha/OneDrive/Documents/Desktop/ajt%20project/E-commerceR/src/java/com/myapp/model/Product.java</file>
            <file>file:/C:/Users/risha/OneDrive/Documents/Desktop/ajt%20project/E-commerceR/src/java/com/myapp/model/User.java</file>
            <file>file:/C:/Users/risha/OneDrive/Documents/Desktop/ajt%20project/E-commerceR/src/java/com/myapp/servlets/LoginServlet.java</file>
            <file>file:/C:/Users/risha/OneDrive/Documents/Desktop/ajt%20project/E-commerceR/src/java/com/myapp/dao/UserDAO.java</file>
            <file>file:/C:/Users/risha/OneDrive/Documents/Desktop/ajt%20project/E-commerceR/src/java/com/myapp/servlets/AddProductServlet.java</file>
            <file>file:/C:/Users/risha/OneDrive/Documents/Desktop/ajt%20project/E-commerceR/web/addProduct.jsp</file>
            <file>file:/C:/Users/risha/OneDrive/Documents/Desktop/ajt%20project/E-commerceR/web/META-INF/context.xml</file>
            <file>file:/C:/Users/risha/OneDrive/Documents/Desktop/ajt%20project/E-commerceR/src/java/com/myapp/util/HibernateUtil.java</file>
        </group>
    </open-files>
</project-private>
